Series Name,Series Code,Country Name,Country Code,2000 [YR2000],2001 [YR2001],2002 [YR2002],2003 [YR2003],2004 [YR2004],2005 [YR2005],2006 [YR2006],2007 [YR2007],2008 [YR2008],2009 [YR2009],2010 [YR2010],2011 [YR2011],2012 [YR2012],2013 [YR2013],2014 [YR2014],2015 [YR2015]
"Fertility rate, total (births per woman)",SP.DYN.TFRT.IN,Afghanistan,AFG,7.534,7.446,7.339,7.22,7.069,6.905,6.722,6.53,6.376,6.235,6.099,5.958,5.83,5.696,5.56,5.405
"Fertility rate, total (births per woman)",SP.DYN.TFRT.IN,Albania,ALB,2.231,2.15,2.036,1.978,1.89,1.803,1.724,1.671,1.648,1.647,1.656,1.671,1.692,1.697,1.674,1.613
"Fertility rate, total (births per woman)",SP.DYN.TFRT.IN,Algeria,DZA,2.566,2.507,2.456,2.481,2.512,2.555,2.604,2.677,2.753,2.813,2.843,2.88,2.956,2.957,3.004,3.041
"Fertility rate, total (births per woman)",SP.DYN.TFRT.IN,American Samoa,ASM,,,,,,,,,,,,,,,,
"Fertility rate, total (births per woman)",SP.DYN.TFRT.IN,Andorra,AND,,,,,,,1.24,1.18,1.25,1.19,1.27,,,,,
"Fertility rate, total (births per woman)",SP.DYN.TFRT.IN,Angola,AGO,6.639,6.601,6.567,6.533,6.499,6.461,6.419,6.372,6.32,6.26,6.194,6.12,6.039,5.953,5.864,5.774
"Fertility rate, total (births per woman)",SP.DYN.TFRT.IN,Antigua and Barbuda,ATG,2.196,2.018,1.94,1.887,1.852,1.832,1.831,1.86,2.042,2.006,1.785,1.746,1.655,1.537,1.526,1.567
"Fertility rate, total (births per woman)",SP.DYN.TFRT.IN,Argentina,ARG,2.591,2.531,2.493,2.451,2.43,2.426,2.4,2.37,2.341,2.344,2.346,2.338,2.33,2.322,2.312,2.301
"Fertility rate, total (births per woman)",SP.DYN.TFRT.IN,Armenia,ARM,1.603,1.544,1.525,1.534,1.541,1.54,1.349,1.418,1.441,1.551,1.501,1.5,1.6,1.6,1.703,1.602
"Fertility rate, total (births per woman)",SP.DYN.TFRT.IN,Aruba,ABW,1.904,1.833,1.763,1.747,1.683,1.777,1.909,1.928,1.935,1.919,1.941,1.962,2.028,2.117,2.148,1.972
"Fertility rate, total (births per woman)",SP.DYN.TFRT.IN,Australia,AUS,1.756,1.739,1.756,1.748,1.768,1.807,1.908,1.959,1.984,1.971,1.928,1.926,1.92,1.855,1.826,1.814
"Fertility rate, total (births per woman)",SP.DYN.TFRT.IN,Austria,AUT,1.36,1.33,1.39,1.38,1.42,1.41,1.41,1.38,1.42,1.39,1.44,1.43,1.44,1.44,1.46,1.49
"Fertility rate, total (births per woman)",SP.DYN.TFRT.IN,Azerbaijan,AZE,2.0,1.8,1.8,1.9,2.0535,2.0,1.97,1.97,1.9,1.82,1.92,1.96,2.0,1.98,1.97,1.94
"Fertility rate, total (births per woman)",SP.DYN.TFRT.IN,"Bahamas, The",BHS,2.097,2.088,1.998,1.921,1.932,2.05,1.786,1.852,1.99,2.009,1.835,1.739,1.744,1.51,1.673,1.576
"Fertility rate, total (births per woman)",SP.DYN.TFRT.IN,Bahrain,BHR,2.778,2.664,2.69,2.727,2.71,2.619,2.455,2.289,2.172,2.087,2.053,2.093,2.161,2.164,2.158,2.131
"Fertility rate, total (births per woman)",SP.DYN.TFRT.IN,Bangladesh,BGD,3.218,3.146,3.084,3.002,2.914,2.808,2.712,2.626,2.535,2.44,2.34,2.262,2.209,2.184,2.152,2.114
"Fertility rate, total (births per woman)",SP.DYN.TFRT.IN,Barbados,BRB,1.775,1.785,1.793,1.797,1.795,1.788,1.775,1.757,1.735,1.711,1.687,1.665,1.645,1.63,1.62,1.614
"Fertility rate, total (births per woman)",SP.DYN.TFRT.IN,Belarus,BLR,1.317,1.286,1.24,1.232,1.233,1.252,1.335,1.429,1.488,1.509,1.494,1.515,1.62,1.668,1.696,1.724
"Fertility rate, total (births per woman)",SP.DYN.TFRT.IN,Belgium,BEL,1.67,1.67,1.65,1.67,1.72,1.76,1.8,1.82,1.85,1.84,1.86,1.81,1.8,1.76,1.74,1.7
"Fertility rate, total (births per woman)",SP.DYN.TFRT.IN,Belize,BLZ,3.634,3.554,3.465,3.321,3.207,3.129,2.982,2.874,2.799,2.701,2.606,2.585,2.555,2.53,2.491,2.438
"Fertility rate, total (births per woman)",SP.DYN.TFRT.IN,Benin,BEN,5.89,5.824,5.777,5.77,5.721,5.676,5.636,5.563,5.483,5.436,5.39,5.366,5.347,5.345,5.348,5.319
"Fertility rate, total (births per woman)",SP.DYN.TFRT.IN,Bermuda,BMU,1.74,1.75,1.77,1.8,1.78,1.76,1.76,1.76,1.77,1.76,1.7,1.6,1.6,1.6,1.4,1.4
"Fertility rate, total (births per woman)",SP.DYN.TFRT.IN,Bhutan,BTN,3.414,3.232,3.078,2.916,2.893,2.798,2.669,2.59,2.496,2.381,2.296,2.21,2.138,2.087,2.027,1.957
"Fertility rate, total (births per woman)",SP.DYN.TFRT.IN,Bolivia,BOL,3.991,3.89,3.802,3.721,3.633,3.558,3.533,3.447,3.364,3.287,3.213,3.143,3.076,3.01,2.947,2.886
"Fertility rate, total (births per woman)",SP.DYN.TFRT.IN,Bosnia and Herzegovina,BIH,1.283,1.232,1.23,1.22,1.219,1.203,1.186,1.252,1.276,1.299,1.276,1.216,1.29,1.276,1.262,1.289
"Fertility rate, total (births per woman)",SP.DYN.TFRT.IN,Botswana,BWA,3.312,3.261,3.181,3.11,3.073,3.08,3.091,3.082,3.066,3.045,3.023,2.999,2.981,2.964,2.951,2.942
"Fertility rate, total (births per woman)",SP.DYN.TFRT.IN,Brazil,BRA,2.255,2.183,2.103,2.023,2.002,1.974,1.927,1.881,1.842,1.825,1.81,1.8,1.767,1.748,1.767,1.777
"Fertility rate, total (births per woman)",SP.DYN.TFRT.IN,British Virgin Islands,VGB,1.866,1.505,1.24,1.306,1.505,1.341,1.232,1.312,1.282,1.227,1.183,1.269,1.103,1.08,1.237,1.186
"Fertility rate, total (births per woman)",SP.DYN.TFRT.IN,Brunei Darussalam,BRN,2.346,2.284,2.22,2.154,2.086,2.022,1.969,1.933,1.918,1.921,1.937,1.957,1.973,1.978,1.969,1.947
"Fertility rate, total (births per woman)",SP.DYN.TFRT.IN,Bulgaria,BGR,1.26,1.21,1.23,1.26,1.33,1.37,1.44,1.49,1.56,1.66,1.57,1.51,1.5,1.48,1.53,1.53
"Fertility rate, total (births per woman)",SP.DYN.TFRT.IN,Burkina Faso,BFA,6.519,6.431,6.339,6.28,6.216,6.182,6.17,6.11,6.05,5.992,5.936,5.869,5.793,5.697,5.595,5.478
"Fertility rate, total (births per woman)",SP.DYN.TFRT.IN,Burundi,BDI,6.872,6.849,6.819,6.785,6.746,6.708,6.659,6.588,6.515,6.409,6.26,6.108,5.991,5.889,5.794,5.695
"Fertility rate, total (births per woman)",SP.DYN.TFRT.IN,Cabo Verde,CPV,3.539,3.399,3.271,3.151,3.038,2.933,2.839,2.757,2.687,2.629,2.474,2.471,2.282,2.198,2.17,2.117
"Fertility rate, total (births per woman)",SP.DYN.TFRT.IN,Cambodia,KHM,3.772,3.652,3.555,3.442,3.345,3.244,3.145,3.084,2.969,2.871,2.774,2.701,2.664,2.62,2.589,2.55
"Fertility rate, total (births per woman)",SP.DYN.TFRT.IN,Cameroon,CMR,5.53,5.443,5.458,5.463,5.45,5.407,5.354,5.331,5.278,5.227,5.16,5.058,4.989,4.914,4.855,4.832
"Fertility rate, total (births per woman)",SP.DYN.TFRT.IN,Canada,CAN,1.51,1.54,1.52,1.55,1.56,1.58,1.63,1.67,1.7,1.69,1.65,1.63,1.63,1.61,1.61,1.6
"Fertility rate, total (births per woman)",SP.DYN.TFRT.IN,Cayman Islands,CYM,,,,,,,,,,,,,,,,
"Fertility rate, total (births per woman)",SP.DYN.TFRT.IN,Central African Republic,CAF,5.915,5.851,5.836,5.852,5.827,5.849,5.867,5.892,5.914,5.922,5.937,5.963,6.006,6.017,6.024,6.035
"Fertility rate, total (births per woman)",SP.DYN.TFRT.IN,Chad,TCD,7.249,7.231,7.201,7.179,7.16,7.134,7.118,7.092,7.063,7.021,6.99,6.948,6.905,6.839,6.781,6.706
"Fertility rate, total (births per woman)",SP.DYN.TFRT.IN,Channel Islands,CHI,1.487,1.475,1.469,1.497,1.519,1.542,1.579,1.616,1.648,1.651,1.633,1.626,1.604,1.572,1.556,1.521
"Fertility rate, total (births per woman)",SP.DYN.TFRT.IN,Chile,CHL,1.987,1.961,1.935,1.873,1.826,1.803,1.803,1.826,1.85,1.855,1.844,1.823,1.798,1.786,1.774,1.737
"Fertility rate, total (births per woman)",SP.DYN.TFRT.IN,China,CHN,1.628,1.563,1.566,1.57,1.605,1.624,1.644,1.666,1.701,1.714,1.687,1.668,1.798,1.714,1.769,1.67
"Fertility rate, total (births per woman)",SP.DYN.TFRT.IN,Colombia,COL,2.572,2.516,2.458,2.395,2.33,2.263,2.198,2.137,2.081,2.033,1.992,1.958,1.93,1.905,1.883,1.863
"Fertility rate, total (births per woman)",SP.DYN.TFRT.IN,Comoros,COM,5.297,5.254,5.206,5.149,5.095,5.03,4.955,4.882,4.826,4.791,4.759,4.721,4.641,4.568,4.492,4.418
"Fertility rate, total (births per woman)",SP.DYN.TFRT.IN,"Congo, Dem. Rep.",COD,6.718,6.7,6.672,6.64,6.618,6.597,6.59,6.582,6.578,6.591,6.587,6.582,6.559,6.527,6.483,6.437
"Fertility rate, total (births per woman)",SP.DYN.TFRT.IN,"Congo, Rep.",COG,4.764,4.712,4.719,4.7,4.687,4.663,4.656,4.666,4.733,4.792,4.822,4.791,4.75,4.691,4.626,4.564
"Fertility rate, total (births per woman)",SP.DYN.TFRT.IN,Costa Rica,CRI,2.412,2.325,2.2,2.137,2.078,2.044,2.014,2.012,2.021,1.982,1.928,1.902,1.876,1.838,1.819,1.79
"Fertility rate, total (births per woman)",SP.DYN.TFRT.IN,Cote d'Ivoire,CIV,5.814,5.756,5.705,5.642,5.545,5.46,5.376,5.296,5.221,5.152,5.088,5.029,4.974,4.92,4.867,4.813
"Fertility rate, total (births per woman)",SP.DYN.TFRT.IN,Croatia,HRV,1.39,1.46,1.42,1.41,1.43,1.5,1.47,1.48,1.47,1.5,1.46,1.41,1.52,1.46,1.46,1.41
"Fertility rate, total (births per woman)",SP.DYN.TFRT.IN,Cuba,CUB,1.581,1.563,1.608,1.589,1.517,1.468,1.39,1.428,1.575,1.688,1.693,1.756,1.681,1.688,1.663,1.694
"Fertility rate, total (births per woman)",SP.DYN.TFRT.IN,Curacao,CUW,2.19,2.212,2.23,2.241,2.242,2.235,2.1,2.0,2.2,2.1,2.2,2.1,2.2,2.1,2.0,1.9
"Fertility rate, total (births per woman)",SP.DYN.TFRT.IN,Cyprus,CYP,1.637,1.563,1.498,1.509,1.517,1.48,1.515,1.451,1.48,1.481,1.438,1.36,1.386,1.305,1.315,1.326
"Fertility rate, total (births per woman)",SP.DYN.TFRT.IN,Czechia,CZE,1.15,1.15,1.17,1.18,1.23,1.29,1.34,1.45,1.51,1.51,1.51,1.43,1.45,1.46,1.53,1.57
"Fertility rate, total (births per woman)",SP.DYN.TFRT.IN,Denmark,DNK,1.77,1.74,1.72,1.76,1.78,1.8,1.85,1.84,1.89,1.84,1.87,1.75,1.73,1.67,1.69,1.71
"Fertility rate, total (births per woman)",SP.DYN.TFRT.IN,Djibouti,DJI,4.578,4.496,4.379,4.247,4.113,3.992,3.855,3.724,3.589,3.487,3.39,3.305,3.237,3.178,3.112,3.066
"Fertility rate, total (births per woman)",SP.DYN.TFRT.IN,Dominica,DMA,2.351,2.542,2.276,2.169,2.125,2.105,2.158,2.094,2.027,1.96,1.915,1.871,1.824,1.772,1.734,1.694
"Fertility rate, total (births per woman)",SP.DYN.TFRT.IN,Dominican Republic,DOM,2.859,2.812,2.774,2.721,2.664,2.605,2.533,2.51,2.533,2.556,2.538,2.513,2.485,2.466,2.445,2.43
"Fertility rate, total (births per woman)",SP.DYN.TFRT.IN,Ecuador,ECU,3.102,3.037,2.972,2.911,2.853,2.8,2.753,2.711,2.675,2.643,2.615,2.596,2.517,2.419,2.335,2.26
"Fertility rate, total (births per woman)",SP.DYN.TFRT.IN,"Egypt, Arab Rep.",EGY,3.442,3.394,3.318,3.261,3.181,3.151,3.109,3.12,3.101,3.108,3.213,3.247,3.335,3.419,3.441,3.436
"Fertility rate, total (births per woman)",SP.DYN.TFRT.IN,El Salvador,SLV,3.14,2.977,2.809,2.675,2.546,2.455,2.393,2.335,2.291,2.261,2.239,2.224,2.187,2.154,2.126,2.067
"Fertility rate, total (births per woman)",SP.DYN.TFRT.IN,Equatorial Guinea,GNQ,5.834,5.785,5.731,5.675,5.618,5.559,5.498,5.433,5.363,5.288,5.209,5.126,5.04,4.952,4.863,4.774
"Fertility rate, total (births per woman)",SP.DYN.TFRT.IN,Eritrea,ERI,5.397,5.306,5.233,5.143,5.036,4.934,4.881,4.812,4.737,4.656,4.571,4.486,4.407,4.335,4.273,4.217
"Fertility rate, total (births per woman)",SP.DYN.TFRT.IN,Estonia,EST,1.36,1.32,1.36,1.37,1.47,1.52,1.58,1.69,1.72,1.7,1.72,1.61,1.56,1.52,1.54,1.58
"Fertility rate, total (births per woman)",SP.DYN.TFRT.IN,Ethiopia,ETH,6.56,6.463,6.374,6.24,6.107,5.973,5.853,5.74,5.571,5.39,5.217,5.05,4.883,4.724,4.609,4.531
"Fertility rate, total (births per woman)",SP.DYN.TFRT.IN,Faroe Islands,FRO,2.582,2.336,2.559,2.54,2.592,2.637,2.503,2.566,2.579,2.375,2.514,2.311,2.572,2.537,2.563,2.427
"Fertility rate, total (births per woman)",SP.DYN.TFRT.IN,Fiji,FJI,3.026,2.999,2.976,2.956,2.924,2.885,2.911,2.886,2.859,2.806,2.746,2.685,2.666,2.662,2.657,2.642
"Fertility rate, total (births per woman)",SP.DYN.TFRT.IN,Finland,FIN,1.73,1.73,1.72,1.76,1.8,1.8,1.84,1.83,1.85,1.86,1.87,1.83,1.8,1.75,1.71,1.65
"Fertility rate, total (births per woman)",SP.DYN.TFRT.IN,France,FRA,1.89,1.9,1.88,1.89,1.92,1.94,2.0,1.98,2.01,2.0,2.03,2.01,2.01,1.99,2.0,1.96
"Fertility rate, total (births per woman)",SP.DYN.TFRT.IN,French Polynesia,PYF,2.596,2.521,2.427,2.266,2.202,2.188,2.218,2.133,2.193,2.146,2.162,2.066,2.026,1.946,1.959,1.905
"Fertility rate, total (births per woman)",SP.DYN.TFRT.IN,Gabon,GAB,4.469,4.417,4.36,4.299,4.252,4.21,4.17,4.142,4.118,4.138,4.153,4.151,4.086,4.019,3.953,3.889
"Fertility rate, total (births per woman)",SP.DYN.TFRT.IN,"Gambia, The",GMB,5.801,5.752,5.728,5.699,5.705,5.719,5.757,5.734,5.708,5.685,5.669,5.64,5.586,5.51,5.416,5.314
"Fertility rate, total (births per woman)",SP.DYN.TFRT.IN,Georgia,GEO,1.601,1.57,1.563,1.55,1.592,1.61,1.622,1.674,1.762,1.871,1.919,1.918,1.938,2.017,2.115,2.204
"Fertility rate, total (births per woman)",SP.DYN.TFRT.IN,Germany,DEU,1.38,1.35,1.34,1.34,1.36,1.34,1.33,1.37,1.38,1.36,1.39,1.39,1.41,1.42,1.47,1.5
"Fertility rate, total (births per woman)",SP.DYN.TFRT.IN,Ghana,GHA,4.854,4.794,4.723,4.627,4.531,4.538,4.41,4.307,4.25,4.214,4.206,4.193,4.183,4.136,4.05,4.05
"Fertility rate, total (births per woman)",SP.DYN.TFRT.IN,Gibraltar,GIB,1.919,1.8,1.666,1.659,1.678,1.697,1.713,1.736,1.762,1.797,1.838,1.872,1.893,1.834,2.014,2.186
"Fertility rate, total (births per woman)",SP.DYN.TFRT.IN,Greece,GRC,1.25,1.25,1.28,1.29,1.31,1.34,1.4,1.41,1.5,1.5,1.48,1.4,1.34,1.29,1.3,1.33
"Fertility rate, total (births per woman)",SP.DYN.TFRT.IN,Greenland,GRL,2.329,2.51,2.566,2.372,2.415,2.377,2.256,2.299,2.247,2.359,2.195,2.117,2.019,2.077,2.037,2.01
"Fertility rate, total (births per woman)",SP.DYN.TFRT.IN,Grenada,GRD,2.582,2.512,2.455,2.409,2.373,2.344,2.321,2.301,2.282,2.262,2.24,2.217,2.194,2.171,2.148,2.126
"Fertility rate, total (births per woman)",SP.DYN.TFRT.IN,Guam,GUM,3.007,2.957,2.706,2.782,2.913,2.763,2.942,3.034,3.02,2.987,2.973,2.865,3.115,2.874,2.943,2.922
"Fertility rate, total (births per woman)",SP.DYN.TFRT.IN,Guatemala,GTM,4.583,4.502,4.371,4.25,4.134,3.974,3.845,3.716,3.571,3.465,3.375,3.292,3.219,3.151,3.088,3.029
"Fertility rate, total (births per woman)",SP.DYN.TFRT.IN,Guinea,GIN,5.936,5.85,5.793,5.737,5.719,5.698,5.659,5.617,5.558,5.508,5.397,5.296,5.195,5.116,5.049,5.022
"Fertility rate, total (births per woman)",SP.DYN.TFRT.IN,Guinea-Bissau,GNB,5.72,5.63,5.612,5.566,5.5,5.454,5.417,5.399,5.274,5.152,5.061,5.047,5.003,4.937,4.802,4.671
"Fertility rate, total (births per woman)",SP.DYN.TFRT.IN,Guyana,GUY,3.017,2.992,2.961,2.924,2.883,2.84,2.797,2.755,2.718,2.684,2.655,2.63,2.606,2.582,2.558,2.534
"Fertility rate, total (births per woman)",SP.DYN.TFRT.IN,Haiti,HTI,4.39,4.248,4.125,4.038,3.939,3.833,3.735,3.643,3.567,3.508,3.47,3.411,3.302,3.216,3.157,3.108
"Fertility rate, total (births per woman)",SP.DYN.TFRT.IN,Honduras,HND,4.237,4.098,3.956,3.815,3.677,3.545,3.419,3.296,3.177,3.063,2.957,2.86,2.774,2.699,2.635,2.581
"Fertility rate, total (births per woman)",SP.DYN.TFRT.IN,"Hong Kong SAR, China",HKG,1.032,0.931,0.941,0.901,0.922,0.959,0.984,1.028,1.064,1.055,1.127,1.204,1.285,1.125,1.235,1.196
"Fertility rate, total (births per woman)",SP.DYN.TFRT.IN,Hungary,HUN,1.32,1.31,1.3,1.27,1.28,1.31,1.34,1.32,1.35,1.32,1.25,1.23,1.34,1.35,1.44,1.45
"Fertility rate, total (births per woman)",SP.DYN.TFRT.IN,Iceland,ISL,2.08,1.95,1.93,1.99,2.04,2.05,2.08,2.09,2.15,2.23,2.2,2.02,2.04,1.93,1.93,1.8
"Fertility rate, total (births per woman)",SP.DYN.TFRT.IN,India,IND,3.35,3.303,3.217,3.122,3.046,2.958,2.864,2.784,2.718,2.673,2.603,2.536,2.467,2.406,2.306,2.287
"Fertility rate, total (births per woman)",SP.DYN.TFRT.IN,Indonesia,IDN,2.536,2.497,2.456,2.428,2.418,2.433,2.453,2.491,2.479,2.459,2.452,2.499,2.49,2.427,2.389,2.345
"Fertility rate, total (births per woman)",SP.DYN.TFRT.IN,"Iran, Islamic Rep.",IRN,2.016,1.94,1.865,1.824,1.796,1.775,1.771,1.768,1.767,1.766,1.768,1.8,1.886,1.961,2.036,2.053
"Fertility rate, total (births per woman)",SP.DYN.TFRT.IN,Iraq,IRQ,4.948,4.837,4.706,4.615,4.575,4.475,4.436,4.371,4.342,4.362,4.429,4.536,4.477,4.378,4.283,4.09
"Fertility rate, total (births per woman)",SP.DYN.TFRT.IN,Ireland,IRL,1.89,1.94,1.97,1.96,1.93,1.86,1.91,2.01,2.06,2.06,2.05,2.03,1.98,1.93,1.89,1.85
"Fertility rate, total (births per woman)",SP.DYN.TFRT.IN,Isle of Man,IMN,1.694,1.778,1.853,1.767,1.762,1.851,1.894,1.939,2.066,2.19,2.17,1.956,1.885,1.853,1.737,1.711
"Fertility rate, total (births per woman)",SP.DYN.TFRT.IN,Israel,ISR,2.95,2.92,2.89,2.95,2.9,2.84,2.88,2.9,2.96,2.96,3.03,2.98,3.05,3.03,3.08,3.09
"Fertility rate, total (births per woman)",SP.DYN.TFRT.IN,Italy,ITA,1.26,1.25,1.27,1.29,1.34,1.34,1.37,1.4,1.45,1.45,1.46,1.44,1.43,1.39,1.37,1.35
"Fertility rate, total (births per woman)",SP.DYN.TFRT.IN,Jamaica,JAM,2.21,2.173,2.149,2.13,2.127,2.063,2.069,1.908,1.89,1.864,1.742,1.728,1.696,1.636,1.569,1.588
"Fertility rate, total (births per woman)",SP.DYN.TFRT.IN,Japan,JPN,1.36,1.33,1.32,1.29,1.29,1.26,1.32,1.34,1.37,1.37,1.39,1.39,1.41,1.43,1.42,1.45
"Fertility rate, total (births per woman)",SP.DYN.TFRT.IN,Jordan,JOR,3.921,3.853,3.832,3.838,3.801,3.779,3.802,3.847,3.892,3.842,3.778,3.681,3.559,3.436,3.31,3.175
"Fertility rate, total (births per woman)",SP.DYN.TFRT.IN,Kazakhstan,KAZ,1.8,1.9,2.0,2.03,2.21,2.22,2.36,2.47,2.68,2.55,2.59,2.59,2.62,2.64,2.73,2.74
"Fertility rate, total (births per woman)",SP.DYN.TFRT.IN,Kenya,KEN,5.137,5.091,5.016,4.907,4.83,4.784,4.748,4.719,4.646,4.514,4.367,4.219,4.088,3.952,3.844,3.8
"Fertility rate, total (births per woman)",SP.DYN.TFRT.IN,Kiribati,KIR,4.065,3.958,3.847,3.744,3.781,3.799,3.837,3.879,3.905,3.889,3.876,3.857,3.774,3.689,3.599,3.53
"Fertility rate, total (births per woman)",SP.DYN.TFRT.IN,"Korea, Dem. People's Rep.",PRK,1.969,1.981,1.943,1.914,1.962,1.955,1.958,1.956,1.977,1.951,1.809,1.811,1.836,1.86,1.885,1.884
"Fertility rate, total (births per woman)",SP.DYN.TFRT.IN,"Korea, Rep.",KOR,1.48,1.309,1.178,1.191,1.164,1.085,1.132,1.259,1.192,1.149,1.226,1.244,1.297,1.187,1.205,1.239
"Fertility rate, total (births per woman)",SP.DYN.TFRT.IN,Kosovo,XKX,2.66,2.622,2.533,2.28,2.461,2.609,2.429,2.357,2.444,2.437,2.426,1.992,2.001,2.098,1.871,1.751
"Fertility rate, total (births per woman)",SP.DYN.TFRT.IN,Kuwait,KWT,2.737,2.715,2.693,2.691,2.686,2.662,2.603,2.516,2.422,2.34,2.257,2.2,2.168,2.153,2.156,2.16
"Fertility rate, total (births per woman)",SP.DYN.TFRT.IN,Kyrgyz Republic,KGZ,2.4,2.4,2.4,2.5,2.6,2.5,2.7,2.7,2.8,2.9,3.1,3.1,3.2,3.1,3.2,3.2
"Fertility rate, total (births per woman)",SP.DYN.TFRT.IN,Lao PDR,LAO,4.4,4.209,4.037,3.911,3.808,3.673,3.597,3.494,3.375,3.264,3.145,3.049,2.953,2.872,2.802,2.766
"Fertility rate, total (births per woman)",SP.DYN.TFRT.IN,Latvia,LVA,1.25,1.22,1.26,1.32,1.29,1.39,1.46,1.54,1.58,1.46,1.36,1.33,1.44,1.52,1.65,1.7
"Fertility rate, total (births per woman)",SP.DYN.TFRT.IN,Lebanon,LBN,2.499,2.462,2.41,2.345,2.27,2.203,2.157,2.11,2.081,2.085,2.126,2.162,2.169,2.172,2.182,2.178
"Fertility rate, total (births per woman)",SP.DYN.TFRT.IN,Lesotho,LSO,3.658,3.657,3.677,3.635,3.519,3.438,3.43,3.441,3.408,3.318,3.249,3.318,3.305,3.334,3.288,3.264
"Fertility rate, total (births per woman)",SP.DYN.TFRT.IN,Liberia,LBR,5.875,5.774,5.653,5.547,5.506,5.519,5.53,5.462,5.328,5.174,5.058,4.97,4.881,4.749,4.622,4.523
"Fertility rate, total (births per woman)",SP.DYN.TFRT.IN,Libya,LBY,2.851,2.971,2.911,2.857,2.808,2.765,2.699,2.648,2.599,2.556,2.603,2.646,2.68,2.716,2.754,2.711
"Fertility rate, total (births per woman)",SP.DYN.TFRT.IN,Liechtenstein,LIE,1.57,1.52,1.47,1.36,1.44,1.49,1.43,1.42,1.43,1.71,1.4,1.69,1.51,1.45,1.59,1.4
"Fertility rate, total (births per woman)",SP.DYN.TFRT.IN,Lithuania,LTU,1.39,1.29,1.23,1.26,1.27,1.29,1.33,1.36,1.45,1.5,1.5,1.55,1.6,1.59,1.63,1.7
"Fertility rate, total (births per woman)",SP.DYN.TFRT.IN,Luxembourg,LUX,1.76,1.66,1.63,1.62,1.66,1.63,1.65,1.61,1.61,1.59,1.63,1.52,1.57,1.55,1.5,1.47
"Fertility rate, total (births per woman)",SP.DYN.TFRT.IN,"Macao SAR, China",MAC,0.912,0.84,0.8,0.792,0.8,0.834,0.874,0.918,0.947,0.986,1.042,1.115,1.184,1.199,1.224,1.196
"Fertility rate, total (births per woman)",SP.DYN.TFRT.IN,North Macedonia,MKD,1.861,1.735,1.789,1.744,1.529,1.5,1.46,1.46,1.47,1.5,1.6,1.46,1.5,1.5,1.5,1.49
"Fertility rate, total (births per woman)",SP.DYN.TFRT.IN,Madagascar,MDG,5.403,5.323,5.225,5.172,5.133,5.095,5.056,4.997,4.933,4.87,4.755,4.607,4.466,4.358,4.247,4.183
"Fertility rate, total (births per woman)",SP.DYN.TFRT.IN,Malawi,MWI,6.036,5.993,5.96,5.942,5.93,5.91,5.841,5.736,5.605,5.453,5.274,5.106,4.924,4.778,4.612,4.452
"Fertility rate, total (births per woman)",SP.DYN.TFRT.IN,Malaysia,MYS,2.914,2.757,2.602,2.526,2.415,2.328,2.268,2.227,2.244,2.217,2.144,2.149,2.116,2.089,2.081,2.039
"Fertility rate, total (births per woman)",SP.DYN.TFRT.IN,Maldives,MDV,2.71,2.519,2.413,2.344,2.284,2.235,2.231,2.295,2.359,2.366,2.318,2.261,2.202,2.123,2.059,1.99
"Fertility rate, total (births per woman)",SP.DYN.TFRT.IN,Mali,MLI,6.874,6.852,6.821,6.782,6.741,6.716,6.688,6.655,6.642,6.611,6.579,6.545,6.523,6.491,6.441,6.385
"Fertility rate, total (births per woman)",SP.DYN.TFRT.IN,Malta,MLT,1.68,1.48,1.45,1.48,1.4,1.38,1.36,1.35,1.43,1.42,1.36,1.45,1.42,1.36,1.38,1.37
"Fertility rate, total (births per woman)",SP.DYN.TFRT.IN,Marshall Islands,MHL,4.592,4.489,4.378,4.292,4.209,4.129,4.056,3.966,3.862,3.757,3.632,3.51,3.389,3.274,3.161,3.063
"Fertility rate, total (births per woman)",SP.DYN.TFRT.IN,Mauritania,MRT,5.459,5.38,5.287,5.229,5.192,5.19,5.186,5.153,5.153,5.084,5.043,5.028,4.986,4.942,4.886,4.813
"Fertility rate, total (births per woman)",SP.DYN.TFRT.IN,Mauritius,MUS,1.99,1.91,1.94,1.87,1.92,1.88,1.77,1.74,1.67,1.59,1.57,1.55,1.54,1.44,1.43,1.36
"Fertility rate, total (births per woman)",SP.DYN.TFRT.IN,Mexico,MEX,2.716,2.669,2.623,2.579,2.536,2.495,2.456,2.421,2.391,2.364,2.34,2.317,2.294,2.269,2.211,2.137
"Fertility rate, total (births per woman)",SP.DYN.TFRT.IN,"Micronesia, Fed. Sts.",FSM,4.279,4.116,3.961,3.82,3.706,3.598,3.489,3.409,3.345,3.295,3.236,3.18,3.13,3.087,3.032,2.971
"Fertility rate, total (births per woman)",SP.DYN.TFRT.IN,Moldova,MDA,1.499,1.463,1.437,1.48,1.539,1.531,1.541,1.574,1.638,1.704,1.698,1.66,1.659,1.654,1.822,1.868
"Fertility rate, total (births per woman)",SP.DYN.TFRT.IN,Monaco,MCO,,,,,,,,,,,,,,,,
"Fertility rate, total (births per woman)",SP.DYN.TFRT.IN,Mongolia,MNG,2.255,2.195,2.13,2.051,2.017,2.028,2.13,2.297,2.446,2.533,2.513,2.602,2.739,2.897,2.996,3.01
"Fertility rate, total (births per woman)",SP.DYN.TFRT.IN,Montenegro,MNE,2.065,1.854,1.801,1.861,1.751,1.69,1.73,1.8,1.89,1.98,1.7,1.65,1.72,1.73,1.75,1.74
"Fertility rate, total (births per woman)",SP.DYN.TFRT.IN,Morocco,MAR,2.796,2.715,2.67,2.632,2.598,2.568,2.559,2.55,2.549,2.578,2.586,2.609,2.598,2.594,2.548,2.531
"Fertility rate, total (births per woman)",SP.DYN.TFRT.IN,Mozambique,MOZ,5.812,5.778,5.734,5.733,5.667,5.609,5.55,5.513,5.579,5.626,5.63,5.551,5.451,5.34,5.131,5.062
"Fertility rate, total (births per woman)",SP.DYN.TFRT.IN,Myanmar,MMR,2.785,2.783,2.782,2.704,2.621,2.552,2.504,2.479,2.428,2.391,2.346,2.312,2.274,2.256,2.24,2.248
"Fertility rate, total (births per woman)",SP.DYN.TFRT.IN,Namibia,NAM,3.975,3.827,3.716,3.619,3.58,3.56,3.535,3.552,3.587,3.613,3.63,3.658,3.676,3.653,3.635,3.604
"Fertility rate, total (births per woman)",SP.DYN.TFRT.IN,Nauru,NRU,3.642,3.588,3.533,3.5,3.487,3.501,3.542,3.632,3.722,3.827,3.907,3.948,3.928,3.892,3.857,3.827
"Fertility rate, total (births per woman)",SP.DYN.TFRT.IN,Nepal,NPL,3.944,3.763,3.59,3.457,3.311,3.142,2.974,2.843,2.719,2.604,2.512,2.439,2.387,2.334,2.293,2.25
"Fertility rate, total (births per woman)",SP.DYN.TFRT.IN,Netherlands,NLD,1.72,1.71,1.73,1.75,1.72,1.71,1.72,1.72,1.77,1.79,1.79,1.76,1.72,1.68,1.71,1.66
"Fertility rate, total (births per woman)",SP.DYN.TFRT.IN,New Caledonia,NCL,2.59,2.43,2.33,2.27,2.18,2.2,2.29,2.2,2.2,2.2,2.2,2.15,2.28,2.19,2.17,2.08
"Fertility rate, total (births per woman)",SP.DYN.TFRT.IN,New Zealand,NZL,1.98,1.97,1.89,1.93,1.98,1.97,2.01,2.18,2.19,2.13,2.17,2.09,2.1,2.01,1.92,1.99
"Fertility rate, total (births per woman)",SP.DYN.TFRT.IN,Nicaragua,NIC,3.111,3.019,2.941,2.874,2.816,2.767,2.725,2.689,2.657,2.628,2.601,2.575,2.55,2.526,2.503,2.48
"Fertility rate, total (births per woman)",SP.DYN.TFRT.IN,Niger,NER,7.732,7.695,7.671,7.654,7.634,7.615,7.579,7.559,7.539,7.513,7.485,7.449,7.4,7.344,7.279,7.211
"Fertility rate, total (births per woman)",SP.DYN.TFRT.IN,Nigeria,NGA,6.124,6.139,6.135,6.116,6.085,6.068,6.081,6.08,6.078,6.039,5.98,5.918,5.832,5.738,5.664,5.616
"Fertility rate, total (births per woman)",SP.DYN.TFRT.IN,Northern Mariana Islands,MNP,,,,,,,,,,,,,,,,
"Fertility rate, total (births per woman)",SP.DYN.TFRT.IN,Norway,NOR,1.85,1.78,1.75,1.8,1.83,1.84,1.9,1.9,1.96,1.98,1.95,1.88,1.85,1.78,1.75,1.72
"Fertility rate, total (births per woman)",SP.DYN.TFRT.IN,Oman,OMN,3.893,3.69,3.501,3.346,3.2,3.049,2.921,2.813,2.806,2.841,2.943,2.94,2.929,2.949,2.956,2.959
"Fertility rate, total (births per woman)",SP.DYN.TFRT.IN,Pakistan,PAK,5.257,5.123,5.008,4.88,4.754,4.637,4.526,4.51,4.432,4.36,4.297,4.234,4.169,4.106,4.005,3.904
"Fertility rate, total (births per woman)",SP.DYN.TFRT.IN,Palau,PLW,1.83,,,,,2.02,,,,,,,2.23,,,2.21
"Fertility rate, total (births per woman)",SP.DYN.TFRT.IN,Panama,PAN,2.744,2.72,2.698,2.679,2.691,2.665,2.636,2.63,2.631,2.613,2.604,2.627,2.636,2.609,2.59,2.564
"Fertility rate, total (births per woman)",SP.DYN.TFRT.IN,Papua New Guinea,PNG,4.525,4.469,4.419,4.362,4.283,4.22,4.148,4.076,4.015,3.941,3.883,3.816,3.746,3.684,3.625,3.558
"Fertility rate, total (births per woman)",SP.DYN.TFRT.IN,Paraguay,PRY,3.553,3.431,3.315,3.21,3.119,3.04,2.97,2.907,2.846,2.787,2.73,2.675,2.625,2.636,2.646,2.645
"Fertility rate, total (births per woman)",SP.DYN.TFRT.IN,Peru,PER,2.845,2.744,2.693,2.661,2.673,2.686,2.686,2.666,2.628,2.607,2.573,2.542,2.487,2.432,2.385,2.338
"Fertility rate, total (births per woman)",SP.DYN.TFRT.IN,Philippines,PHL,3.714,3.718,3.656,3.604,3.543,3.49,3.486,3.444,3.404,3.363,3.264,3.122,3.127,3.096,3.031,2.951
"Fertility rate, total (births per woman)",SP.DYN.TFRT.IN,Poland,POL,1.37,1.31,1.25,1.22,1.23,1.24,1.27,1.31,1.39,1.4,1.41,1.33,1.33,1.29,1.32,1.32
"Fertility rate, total (births per woman)",SP.DYN.TFRT.IN,Portugal,PRT,1.55,1.45,1.46,1.44,1.4,1.41,1.37,1.35,1.39,1.34,1.39,1.35,1.28,1.21,1.23,1.31
"Fertility rate, total (births per woman)",SP.DYN.TFRT.IN,Puerto Rico,PRI,2.0485,1.9346,1.8317,1.7624,1.7822,1.7702,1.7123,1.6505,1.6516,1.6528,1.6235,1.5965,1.5425,1.47,1.432,1.3365
"Fertility rate, total (births per woman)",SP.DYN.TFRT.IN,Qatar,QAT,3.227,3.181,3.042,2.906,2.749,2.578,2.426,2.343,2.276,2.176,2.087,2.04,1.969,1.932,1.898,1.864
"Fertility rate, total (births per woman)",SP.DYN.TFRT.IN,Romania,ROU,1.31,1.27,1.27,1.3,1.33,1.4,1.42,1.45,1.6,1.66,1.59,1.47,1.52,1.46,1.56,1.62
"Fertility rate, total (births per woman)",SP.DYN.TFRT.IN,Russian Federation,RUS,1.195,1.223,1.286,1.319,1.344,1.294,1.305,1.416,1.502,1.542,1.567,1.582,1.691,1.707,1.75,1.777
"Fertility rate, total (births per woman)",SP.DYN.TFRT.IN,Rwanda,RWA,5.924,5.844,5.752,5.674,5.573,5.436,5.28,5.1,4.901,4.716,4.532,4.357,4.233,4.159,4.112,4.081
"Fertility rate, total (births per woman)",SP.DYN.TFRT.IN,Samoa,WSM,4.514,4.465,4.429,4.4,4.382,4.374,4.373,4.391,4.469,4.549,4.608,4.639,4.606,4.525,4.443,4.357
"Fertility rate, total (births per woman)",SP.DYN.TFRT.IN,San Marino,SMR,,,,,,,,,,,,,1.26,,,
"Fertility rate, total (births per woman)",SP.DYN.TFRT.IN,Sao Tome and Principe,STP,5.176,5.131,5.09,5.049,5.007,4.964,4.919,4.872,4.825,4.776,4.727,4.716,4.667,4.6,4.511,4.387
"Fertility rate, total (births per woman)",SP.DYN.TFRT.IN,Saudi Arabia,SAU,4.115,3.91,3.706,3.502,3.337,3.242,3.208,3.177,3.057,2.952,2.853,2.814,2.78,2.737,2.686,2.637
"Fertility rate, total (births per woman)",SP.DYN.TFRT.IN,Senegal,SEN,5.498,5.412,5.311,5.252,5.184,5.186,5.198,5.11,5.051,5.081,5.064,5.039,5.005,4.96,4.905,4.781
"Fertility rate, total (births per woman)",SP.DYN.TFRT.IN,Serbia,SRB,1.48,1.58,1.57,1.59,1.57,1.45,1.43,1.38,1.4,1.44,1.4,1.4,1.45,1.43,1.46,1.46
"Fertility rate, total (births per woman)",SP.DYN.TFRT.IN,Seychelles,SYC,2.08,1.98,2.04,2.06,2.01,2.2,2.11,2.24,2.33,2.38,2.16,2.33,2.37,2.26,2.25,2.31
"Fertility rate, total (births per woman)",SP.DYN.TFRT.IN,Sierra Leone,SLE,6.355,6.305,6.23,6.087,5.919,5.807,5.737,5.643,5.563,5.448,5.327,5.209,5.064,4.873,4.703,4.548
"Fertility rate, total (births per woman)",SP.DYN.TFRT.IN,Singapore,SGP,1.6,1.41,1.37,1.27,1.26,1.26,1.28,1.29,1.28,1.22,1.15,1.2,1.29,1.19,1.25,1.24
"Fertility rate, total (births per woman)",SP.DYN.TFRT.IN,Sint Maarten (Dutch part),SXM,1.85,1.8,1.753,1.723,1.702,1.705,1.764,1.565,1.735,1.713,1.846,1.99,1.93,1.862,1.794,1.73
"Fertility rate, total (births per woman)",SP.DYN.TFRT.IN,Slovak Republic,SVK,1.3,1.2,1.19,1.2,1.25,1.27,1.25,1.27,1.34,1.44,1.43,1.45,1.34,1.34,1.37,1.4
"Fertility rate, total (births per woman)",SP.DYN.TFRT.IN,Slovenia,SVN,1.26,1.21,1.21,1.2,1.25,1.26,1.31,1.38,1.53,1.53,1.57,1.56,1.58,1.55,1.58,1.57
"Fertility rate, total (births per woman)",SP.DYN.TFRT.IN,Solomon Islands,SLB,4.756,4.692,4.626,4.572,4.518,4.475,4.477,4.442,4.411,4.393,4.404,4.406,4.412,4.418,4.418,4.356
"Fertility rate, total (births per woman)",SP.DYN.TFRT.IN,Somalia,SOM,7.61,7.582,7.578,7.547,7.522,7.484,7.458,7.42,7.387,7.34,7.299,7.257,7.198,7.128,7.057,6.978
"Fertility rate, total (births per woman)",SP.DYN.TFRT.IN,South Africa,ZAF,2.413,2.373,2.324,2.358,2.436,2.512,2.548,2.545,2.679,2.501,2.445,2.436,2.447,2.428,2.424,2.359
"Fertility rate, total (births per woman)",SP.DYN.TFRT.IN,South Sudan,SSD,7.513,7.369,7.191,6.851,6.517,6.171,5.82,5.638,5.552,5.465,5.376,5.286,5.197,5.108,5.022,4.937
"Fertility rate, total (births per woman)",SP.DYN.TFRT.IN,Spain,ESP,1.22,1.23,1.25,1.3,1.31,1.33,1.36,1.38,1.45,1.38,1.37,1.34,1.32,1.27,1.32,1.33
"Fertility rate, total (births per woman)",SP.DYN.TFRT.IN,Sri Lanka,LKA,2.191,2.261,2.275,2.276,2.267,2.283,2.344,2.327,2.275,2.224,2.196,2.206,2.196,2.181,2.13,2.091
"Fertility rate, total (births per woman)",SP.DYN.TFRT.IN,St. Kitts and Nevis,KNA,2.196,2.086,2.038,2.004,1.964,1.931,1.902,1.871,1.833,1.8,1.762,1.74,1.713,1.682,1.665,1.643
"Fertility rate, total (births per woman)",SP.DYN.TFRT.IN,St. Lucia,LCA,2.202,2.06,1.933,1.826,1.74,1.675,1.63,1.598,1.574,1.555,1.538,1.522,1.508,1.496,1.485,1.473
"Fertility rate, total (births per woman)",SP.DYN.TFRT.IN,St. Martin (French part),MAF,2.714,2.705,2.687,2.666,2.631,2.592,2.554,2.514,2.481,2.434,2.397,2.41,2.748,2.668,2.595,2.558
"Fertility rate, total (births per woman)",SP.DYN.TFRT.IN,St. Vincent and the Grenadines,VCT,2.34,2.298,2.215,2.14,2.087,2.065,2.055,2.081,2.137,2.154,2.133,2.101,2.12,2.112,2.12,2.099
"Fertility rate, total (births per woman)",SP.DYN.TFRT.IN,Sudan,SDN,5.38,5.327,5.248,5.172,5.094,5.039,5.044,5.065,5.074,5.05,5.017,4.96,4.895,4.903,4.912,4.898
"Fertility rate, total (births per woman)",SP.DYN.TFRT.IN,Suriname,SUR,2.895,2.868,2.84,2.811,2.781,2.749,2.717,2.687,2.659,2.633,2.61,2.587,2.565,2.543,2.519,2.494
"Fertility rate, total (births per woman)",SP.DYN.TFRT.IN,Eswatini,SWZ,3.996,3.9,3.805,3.757,3.731,3.682,3.617,3.564,3.536,3.473,3.356,3.299,3.255,3.226,3.174,3.117
"Fertility rate, total (births per woman)",SP.DYN.TFRT.IN,Sweden,SWE,1.54,1.57,1.65,1.71,1.75,1.77,1.85,1.88,1.91,1.94,1.98,1.9,1.91,1.89,1.88,1.85
"Fertility rate, total (births per woman)",SP.DYN.TFRT.IN,Switzerland,CHE,1.5,1.38,1.39,1.39,1.42,1.42,1.44,1.46,1.48,1.5,1.52,1.52,1.52,1.52,1.54,1.54
"Fertility rate, total (births per woman)",SP.DYN.TFRT.IN,Syrian Arab Republic,SYR,4.001,4.007,3.948,3.899,3.857,3.814,3.762,3.696,3.613,3.514,3.404,3.283,3.215,3.17,3.101,3.049
"Fertility rate, total (births per woman)",SP.DYN.TFRT.IN,Tajikistan,TJK,4.006,3.884,3.767,3.606,3.529,3.438,3.385,3.367,3.388,3.43,3.457,3.456,3.421,3.433,3.459,3.459
"Fertility rate, total (births per woman)",SP.DYN.TFRT.IN,Tanzania,TZA,5.686,5.665,5.623,5.605,5.607,5.61,5.563,5.485,5.425,5.357,5.293,5.207,5.098,5.122,5.122,5.088
"Fertility rate, total (births per woman)",SP.DYN.TFRT.IN,Thailand,THA,1.612,1.588,1.567,1.568,1.566,1.585,1.571,1.578,1.579,1.567,1.576,1.597,1.586,1.547,1.51,1.469
"Fertility rate, total (births per woman)",SP.DYN.TFRT.IN,Timor-Leste,TLS,5.98,6.013,6.022,5.951,5.85,5.705,5.564,5.399,5.225,5.037,4.845,4.656,4.444,4.268,4.085,3.903
"Fertility rate, total (births per woman)",SP.DYN.TFRT.IN,Togo,TGO,5.269,5.23,5.194,5.145,5.075,5.069,5.078,5.092,5.052,5.034,5.007,4.917,4.806,4.723,4.655,4.594
"Fertility rate, total (births per woman)",SP.DYN.TFRT.IN,Tonga,TON,4.108,4.072,4.137,4.194,4.206,4.179,4.141,4.093,4.027,3.955,3.889,3.842,3.781,3.707,3.635,3.562
"Fertility rate, total (births per woman)",SP.DYN.TFRT.IN,Trinidad and Tobago,TTO,1.769,1.746,1.718,1.705,1.685,1.68,1.692,1.709,1.713,1.69,1.701,1.713,1.711,1.703,1.693,1.682
"Fertility rate, total (births per woman)",SP.DYN.TFRT.IN,Tunisia,TUN,2.049,1.997,1.969,1.979,1.976,1.981,1.977,1.989,2.011,2.046,2.105,2.191,2.216,2.24,2.252,2.251
"Fertility rate, total (births per woman)",SP.DYN.TFRT.IN,Turkiye,TUR,2.505,2.532,2.323,2.231,2.224,2.224,2.227,2.195,2.178,2.162,2.137,2.133,2.149,2.165,2.2,2.194
"Fertility rate, total (births per woman)",SP.DYN.TFRT.IN,Turkmenistan,TKM,2.898,2.791,2.686,2.665,2.648,2.658,2.665,2.676,2.712,2.769,2.833,2.892,2.936,2.958,2.956,2.93
"Fertility rate, total (births per woman)",SP.DYN.TFRT.IN,Turks and Caicos Islands,TCA,2.511,2.416,2.322,2.225,2.128,2.037,1.953,1.876,1.808,1.736,1.686,1.693,1.694,1.676,1.653,1.67
"Fertility rate, total (births per woman)",SP.DYN.TFRT.IN,Tuvalu,TUV,3.807,3.744,3.694,3.642,3.62,3.632,3.717,3.602,3.549,3.503,3.49,3.478,3.467,3.355,3.275,3.217
"Fertility rate, total (births per woman)",SP.DYN.TFRT.IN,Uganda,UGA,6.832,6.81,6.779,6.702,6.653,6.572,6.481,6.379,6.251,6.174,6.071,5.935,5.784,5.618,5.463,5.306
"Fertility rate, total (births per woman)",SP.DYN.TFRT.IN,Ukraine,UKR,1.116,1.078,1.095,1.172,1.218,1.213,1.31,1.345,1.458,1.473,1.443,1.459,1.531,1.506,1.498,1.506
"Fertility rate, total (births per woman)",SP.DYN.TFRT.IN,United Arab Emirates,ARE,2.733,2.621,2.54,2.491,2.384,2.204,2.072,1.99,1.917,1.852,1.79,1.724,1.666,1.602,1.545,1.486
"Fertility rate, total (births per woman)",SP.DYN.TFRT.IN,United Kingdom,GBR,1.64,1.63,1.63,1.7,1.75,1.76,1.82,1.86,1.91,1.89,1.92,1.91,1.92,1.83,1.81,1.8
"Fertility rate, total (births per woman)",SP.DYN.TFRT.IN,United States,USA,2.056,2.0305,2.0205,2.0475,2.0515,2.057,2.108,2.12,2.072,2.002,1.931,1.8945,1.8805,1.8575,1.8625,1.8435
"Fertility rate, total (births per woman)",SP.DYN.TFRT.IN,Uruguay,URY,2.168,2.132,2.142,2.101,2.09,2.097,2.07,2.048,2.03,2.018,2.011,2.008,2.006,2.01,1.998,2.023
"Fertility rate, total (births per woman)",SP.DYN.TFRT.IN,Uzbekistan,UZB,2.58,2.46,2.52,2.36,2.46,2.36,2.39,2.554,2.637,2.53,2.342,2.236,2.193,2.35,2.457,2.491
"Fertility rate, total (births per woman)",SP.DYN.TFRT.IN,Vanuatu,VUT,4.48,4.444,4.364,4.294,4.226,4.158,4.121,4.124,4.138,4.148,4.15,4.151,4.124,4.093,4.06,4.006
"Fertility rate, total (births per woman)",SP.DYN.TFRT.IN,"Venezuela, RB",VEN,2.822,2.779,2.739,2.701,2.664,2.629,2.595,2.562,2.53,2.5,2.471,2.444,2.417,2.39,2.365,2.34
"Fertility rate, total (births per woman)",SP.DYN.TFRT.IN,Vietnam,VNM,2.072,2.051,2.063,2.026,2.014,1.962,1.904,1.913,1.92,1.906,1.895,1.902,1.927,1.951,1.95,1.951
"Fertility rate, total (births per woman)",SP.DYN.TFRT.IN,Virgin Islands (U.S.),VIR,2.06,1.9,2.21,2.07,2.17,2.24,2.03,2.51,2.44,2.37,2.3,2.16,2.06,2.08,2.09,2.11
"Fertility rate, total (births per woman)",SP.DYN.TFRT.IN,West Bank and Gaza,PSE,5.443,5.315,5.186,5.019,4.942,4.844,4.721,4.614,4.497,4.412,4.383,4.274,4.16,4.076,4.04,4.046
"Fertility rate, total (births per woman)",SP.DYN.TFRT.IN,"Yemen, Rep.",YEM,6.318,6.114,5.937,5.819,5.712,5.577,5.425,5.266,5.129,4.986,4.855,4.744,4.634,4.529,4.427,4.322
"Fertility rate, total (births per woman)",SP.DYN.TFRT.IN,Zambia,ZMB,5.926,5.862,5.792,5.726,5.715,5.71,5.686,5.609,5.537,5.452,5.363,5.271,5.146,5.026,4.899,4.793
"Fertility rate, total (births per woman)",SP.DYN.TFRT.IN,Zimbabwe,ZWE,3.974,3.954,3.887,3.821,3.738,3.665,3.62,3.652,3.774,3.945,4.025,4.096,4.096,4.064,3.962,3.849
